{
    "meta": {
        "num_tuples": 39073,
        "num_attributes": 12,
        "num_attributes_in_BN": 12,
        "all_attributes": [
            "age",
            "workclass",
            "education-num",
            "marital-status",
            "occupation",
            "relationship",
            "race",
            "sex",
            "capital-gain",
            "capital-loss",
            "hours-per-week",
            "income"
        ],
        "candidate_keys": [],
        "non_categorical_string_attributes": [],
        "attributes_in_BN": [
            "age",
            "workclass",
            "education-num",
            "marital-status",
            "occupation",
            "relationship",
            "race",
            "sex",
            "capital-gain",
            "capital-loss",
            "hours-per-week",
            "income"
        ]
    },
    "attribute_description": {
        "age": {
            "name": "age",
            "data_type": "Integer",
            "is_categorical": false,
            "is_candidate_key": false,
            "min": 17,
            "max": 90,
            "missing_rate": 0.0,
            "distribution_bins": [
                17.0,
                20.65,
                24.3,
                27.95,
                31.6,
                35.25,
                38.9,
                42.55,
                46.2,
                49.85,
                53.5,
                57.15,
                60.8,
                64.44999999999999,
                68.1,
                71.75,
                75.4,
                79.05,
                82.7,
                86.35
            ],
            "distribution_probabilities": [
                0.06522525332340029,
                0.09623960004885385,
                0.05048478348107272,
                0.11419445795955804,
                0.11373759404245126,
                0.08948263672120597,
                0.09728096937428578,
                0.09042060057927485,
                0.059886038808295995,
                0.060967835424063505,
                0.04793976329651783,
                0.02407478657418643,
                0.032054154354879794,
                0.022580717667209434,
                0.005140361912035975,
                0.007107643280899781,
                0.008680315247661639,
                0.00039786195351572493,
                0.010621782811486607,
                0.0034828431391445507
            ]
        },
        "workclass": {
            "name": "workclass",
            "data_type": "String",
            "is_categorical": true,
            "is_candidate_key": false,
            "min": 1,
            "max": 16,
            "missing_rate": 0.019501957873723542,
            "distribution_bins": [
                "?",
                "Federal-gov",
                "Local-gov",
                "Never-worked",
                "Private",
                "Self-emp-inc",
                "Self-emp-not-inc",
                "State-gov",
                "Without-pay"
            ],
            "distribution_probabilities": [
                0.04721579454054739,
                0.03246688102194555,
                0.06220710165315698,
                0.019032699437455794,
                0.6807711860952971,
                0.03850385418502076,
                0.07723454384679411,
                0.042567939219782316,
                0.0
            ]
        },
        "education-num": {
            "name": "education-num",
            "data_type": "Integer",
            "is_categorical": false,
            "is_candidate_key": false,
            "min": 1,
            "max": 16,
            "missing_rate": 0.0,
            "distribution_bins": [
                1.0,
                1.75,
                2.5,
                3.25,
                4.0,
                4.75,
                5.5,
                6.25,
                7.0,
                7.75,
                8.5,
                9.25,
                10.0,
                10.75,
                11.5,
                12.25,
                13.0,
                13.75,
                14.5,
                15.25
            ],
            "distribution_probabilities": [
                0.0,
                0.021228363879097302,
                0.01151073408069828,
                0.0023525684322021454,
                0.019531288117960628,
                0.010503130221599053,
                0.027681612145167324,
                0.0016591818844731757,
                0.03678547907670902,
                0.013001036770161118,
                0.3237870217057442,
                0.0,
                0.22131362219207373,
                0.045931685251851345,
                0.041239862596933255,
                0.0,
                0.15420550571530353,
                0.0516037678041919,
                0.017665140125833922,
                0.0
            ]
        },
        "marital-status": {
            "name": "marital-status",
            "data_type": "String",
            "is_categorical": true,
            "is_candidate_key": false,
            "min": 7,
            "max": 21,
            "missing_rate": 0.0,
            "distribution_bins": [
                "Divorced",
                "Married-AF-spouse",
                "Married-civ-spouse",
                "Married-spouse-absent",
                "Never-married",
                "Separated",
                "Widowed"
            ],
            "distribution_probabilities": [
                0.150860379315665,
                0.0,
                0.44967332556839135,
                0.004929324837161621,
                0.3164333909261312,
                0.051655204144440955,
                0.026448375208209904
            ]
        },
        "occupation": {
            "name": "occupation",
            "data_type": "String",
            "is_categorical": true,
            "is_candidate_key": false,
            "min": 1,
            "max": 17,
            "missing_rate": 0.019553144114861924,
            "distribution_bins": [
                "?",
                "Adm-clerical",
                "Armed-Forces",
                "Craft-repair",
                "Exec-managerial",
                "Farming-fishing",
                "Handlers-cleaners",
                "Machine-op-inspct",
                "Other-service",
                "Priv-house-serv",
                "Prof-specialty",
                "Protective-serv",
                "Sales",
                "Tech-support",
                "Transport-moving"
            ],
            "distribution_probabilities": [
                0.04053489023328822,
                0.11986986834620403,
                0.0,
                0.12797363756184107,
                0.12806527350091393,
                0.03874375109425245,
                0.054661512151110606,
                0.046889142254081626,
                0.10541415523700794,
                0.0,
                0.1359722615714213,
                0.02895480501083567,
                0.11659595238713197,
                0.02319131881993846,
                0.03313343183197272
            ]
        },
        "relationship": {
            "name": "relationship",
            "data_type": "String",
            "is_categorical": true,
            "is_candidate_key": false,
            "min": 4,
            "max": 14,
            "missing_rate": 0.0,
            "distribution_bins": [
                "Husband",
                "Not-in-family",
                "Other-relative",
                "Own-child",
                "Unmarried",
                "Wife"
            ],
            "distribution_probabilities": [
                0.4330252718468949,
                0.2605586791683084,
                0.030116221887136824,
                0.1432541257518582,
                0.10478319937101886,
                0.028262501974782746
            ]
        },
        "race": {
            "name": "race",