{
    "meta": {
        "num_tuples": 39073,
        "num_attributes": 13,
        "num_attributes_in_BN": 13,
        "all_attributes": [
            "age",
            "workclass",
            "fnlwgt",
            "education-num",
            "marital-status",
            "occupation",
            "relationship",
            "race",
            "sex",
            "capital-gain",
            "capital-loss",
            "hours-per-week",
            "income"
        ],
        "candidate_keys": [],
        "non_categorical_string_attributes": [],
        "attributes_in_BN": [
            "age",
            "workclass",
            "fnlwgt",
            "education-num",
            "marital-status",
            "occupation",
            "relationship",
            "race",
            "sex",
            "capital-gain",
            "capital-loss",
            "hours-per-week",
            "income"
        ]
    },
    "attribute_description": {
        "age": {
            "name": "age",
            "data_type": "Integer",
            "is_categorical": false,
            "is_candidate_key": false,
            "min": 17,
            "max": 90,
            "missing_rate": 0.0,
            "distribution_bins": [
                17.0,
                20.65,
                24.3,
                27.95,
                31.6,
                35.25,
                38.9,
                42.55,
                46.2,
                49.85,
                53.5,
                57.15,
                60.8,
                64.44999999999999,
                68.1,
                71.75,
                75.4,
                79.05,
                82.7,
                86.35
            ],
            "distribution_probabilities": [
                0.07342148851954211,
                0.10673482110428086,
                0.06429175732146404,
                0.09799780119214423,
                0.10244412491698543,
                0.07555747594073842,
                0.08688262458376984,
                0.09800763149039975,
                0.05299149947989811,
                0.06901232655399801,
                0.04838627279713278,
                0.025658395927016565,
                0.03435983127921658,
                0.01603900544165799,
                0.016750443660726456,
                0.008372717147531242,
                0.012718247894817238,
                0.00472108911457129,
                0.004344610836569391,
                0.001307834797539485
            ]
        },
        "workclass": {
            "name": "workclass",
            "data_type": "String",
            "is_categorical": true,
            "is_candidate_key": false,
            "min": 1,
            "max": 16,
            "missing_rate": 0.019501957873723542,
            "distribution_bins": [
                "?",
                "Federal-gov",
                "Local-gov",
                "Never-worked",
                "Private",
                "Self-emp-inc",
                "Self-emp-not-inc",
                "State-gov",
                "Without-pay"
            ],
            "distribution_probabilities": [
                0.05561157905022671,
                0.03305581998083333,
                0.06382079989785454,
                0.0018106185569230593,
                0.6904875067561057,
                0.031678657620349465,
                0.08357066497280807,
                0.03766453706360108,
                0.0022998161012978426
            ]
        },
        "fnlwgt": {
            "name": "fnlwgt",
            "data_type": "Integer",
            "is_categorical": false,
            "is_candidate_key": false,
            "min": 13492,
            "max": 1490400,
            "missing_rate": 0.0,
            "distribution_bins": [
                13492.0,
                87337.4,
                161182.8,
                235028.19999999998,
                308873.6,
                382719.0,
                456564.39999999997,
                530409.7999999999,
                604255.2,
                678100.6,
                751946.0,
                825791.3999999999,
                899636.7999999999,
                973482.2,
                1047327.5999999999,
                1121173.0,
                1195018.4,
                1268863.7999999998,
                1342709.2,
                1416554.5999999999
            ],
            "distribution_probabilities": [
                0.1300101395892916,
                0.24526577289036683,
                0.30145949588100057,
                0.1233782082783576,
                0.07143043003341337,
                0.02909784759612276,
                0.010785694710760794,
                0.006145045962805624,
                0.0008209654555131533,
                0.01060801364394496,
                0.0,
                0.0,
                0.009532889651035277,
                0.005958124507157045,
                0.003298972290448181,
                0.0,
                0.011322958069858674,
                0.0034471555154210612,
                0.03743828592450256,
                0.0
            ]
        },
        "education-num": {
            "name": "education-num",
            "data_type": "Integer",
            "is_categorical": false,
            "is_candidate_key": false,
            "min": 1,
            "max": 16,
            "missing_rate": 0.0,
            "distribution_bins": [
                1.0,
                1.75,
                2.5,
                3.25,
                4.0,
                4.75,
                5.5,
                6.25,
                7.0,
                7.75,
                8.5,
                9.25,
                10.0,
                10.75,
                11.5,
                12.25,
                13.0,
                13.75,
                14.5,
                15.25
            ],
            "distribution_probabilities": [
                0.010185217792358517,
                0.0,
                0.011574528550739425,
                0.0,
                0.025910739386485995,
                0.02068570295119791,
                0.02889568685110526,
                0.0,
                0.02302757536215014,
                0.01603144474188361,
                0.30678175290490584,
                0.0037332434149139893,
                0.2223314271207538,
                0.05921039198413118,
                0.039181236677614674,
                0.0,
                0.15580564757069115,
                0.05546483678770798,
                0.009512069936361498,
                0.011668497966999184
            ]
        },
        "marital-status": {
            "name": "marital-status",
            "data_type": "String",
            "is_categorical": true,
            "is_candidate_key": false,
            "min": 7,
            "max": 21,
            "missing_rate": 0.0,
            "distribution_bins": [
                "Divorced",
                "Married-AF-spouse",
                "Married-civ-spouse",
                "Married-spouse-absent",
                "Never-married",
                "Separated",
                "Widowed"
            ],
            "distribution_probabilities": [
                0.12390348988616062,
                0.0,
                0.44943009439947057,
                0.019143528700016364,
                0.33333403807287637,
                0.029360311214792944,
                0.0448285377266831
            ]
        },
        "occupation": {
            "name": "occupation",
            "data_type": "String",
            "is_categorical": true,
            "is_candidate_key": false,
            "min": 1,
            "max": 17,
            "missing_rate": 0.019553144114861924,