{
    "meta": {
        "num_tuples": 39073,
        "num_attributes": 14,
        "num_attributes_in_BN": 14,
        "all_attributes": [
            "age",
            "workclass",
            "fnlwgt",
            "education-num",
            "marital-status",
            "occupation",
            "relationship",
            "race",
            "sex",
            "capital-gain",
            "capital-loss",
            "hours-per-week",
            "native-country",
            "income"
        ],
        "candidate_keys": [],
        "non_categorical_string_attributes": [],
        "attributes_in_BN": [
            "age",
            "workclass",
            "fnlwgt",
            "education-num",
            "marital-status",
            "occupation",
            "relationship",
            "race",
            "sex",
            "capital-gain",
            "capital-loss",
            "hours-per-week",
            "native-country",
            "income"
        ]
    },
    "attribute_description": {
        "age": {
            "name": "age",
            "data_type": "Integer",
            "is_categorical": false,
            "is_candidate_key": false,
            "min": 17,
            "max": 90,
            "missing_rate": 0.0,
            "distribution_bins": [
                17.0,
                20.65,
                24.3,
                27.95,
                31.6,
                35.25,
                38.9,
                42.55,
                46.2,
                49.85,
                53.5,
                57.15,
                60.8,
                64.44999999999999,
                68.1,
                71.75,
                75.4,
                79.05,
                82.7,
                86.35
            ],
            "distribution_probabilities": [
                0.07335522828116157,
                0.10742749114952463,
                0.06363664742975399,
                0.09758428181671383,
                0.10202645300777305,
                0.07525228950851898,
                0.0860622272320274,
                0.0986380765212308,
                0.05267218253283708,
                0.06922741893234274,
                0.04838553489469125,
                0.025282365176275214,
                0.0346573285912642,
                0.01584809237590186,
                0.017349843245601362,
                0.008415083035773221,
                0.013340434532076999,
                0.004928766063263792,
                0.004607726813423387,
                0.0013025288598448855
            ]
        },
        "workclass": {
            "name": "workclass",
            "data_type": "String",
            "is_categorical": true,
            "is_candidate_key": false,
            "min": 1,
            "max": 16,
            "missing_rate": 0.019501957873723542,
            "distribution_bins": [
                "?",
                "Federal-gov",
                "Local-gov",
                "Never-worked",
                "Private",
                "Self-emp-inc",
                "Self-emp-not-inc",
                "State-gov",
                "Without-pay"
            ],
            "distribution_probabilities": [
                0.05688700380549611,
                0.03324445017743185,
                0.06376231067436061,
                0.001934552250210924,
                0.6890965672247378,
                0.031431546089661797,
                0.08380427935974481,
                0.03739990588431569,
                0.0024393845340405823
            ]
        },
        "fnlwgt": {
            "name": "fnlwgt",
            "data_type": "Integer",
            "is_categorical": false,
            "is_candidate_key": false,
            "min": 13492,
            "max": 1490400,
            "missing_rate": 0.0,
            "distribution_bins": [
                13492.0,
                87337.4,
                161182.8,
                235028.19999999998,
                308873.6,
                382719.0,
                456564.39999999997,
                530409.7999999999,
                604255.2,
                678100.6,
                751946.0,
                825791.3999999999,
                899636.7999999999,
                973482.2,
                1047327.5999999999,
                1121173.0,
                1195018.4,
                1268863.7999999998,
                1342709.2,
                1416554.5999999999
            ],
            "distribution_probabilities": [
                0.12919307090628573,
                0.2432456223885228,
                0.29948943292392327,
                0.12274258863633275,
                0.07111583223084701,
                0.029007027602275703,
                0.010896332394083774,
                0.006280774204152223,
                0.0007467396228561566,
                0.011289707537650476,
                0.0,
                0.0,
                0.010200138542203098,
                0.006370628635639314,
                0.003526953311884729,
                0.0,
                0.01211867563396634,
                0.0036910587585445315,
                0.040085416670832076,
                0.0
            ]
        },
        "education-num": {
            "name": "education-num",
            "data_type": "Integer",
            "is_categorical": false,
            "is_candidate_key": false,
            "min": 1,
            "max": 16,
            "missing_rate": 0.0,
            "distribution_bins": [
                1.0,
                1.75,
                2.5,
                3.25,
                4.0,
                4.75,
                5.5,
                6.25,
                7.0,
                7.75,
                8.5,
                9.25,
                10.0,
                10.75,
                11.5,
                12.25,
                13.0,
                13.75,
                14.5,
                15.25
            ],
            "distribution_probabilities": [
                0.010796137853539594,
                0.0,
                0.011658909846558001,
                0.0,
                0.026393153376436954,
                0.021072257128511736,
                0.02885913262866721,
                0.0,
                0.02197693313270949,
                0.016215686143269053,
                0.30557678602796984,
                0.004005247397682924,
                0.22213554270582841,
                0.06045684859304446,
                0.0396392338473038,
                0.0,
                0.1550577266329321,
                0.055555775076618866,
                0.008955212984860756,
                0.011645416624066905
            ]
        },
        "marital-status": {
            "name": "marital-status",
            "data_type": "String",
            "is_categorical": true,
            "is_candidate_key": false,
            "min": 7,
            "max": 21,
            "missing_rate": 0.0,
            "distribution_bins": [
                "Divorced",
                "Married-AF-spouse",
                "Married-civ-spouse",
                "Married-spouse-absent",
                "Never-married",
                "Separated",
                "Widowed"
            ],
            "distribution_probabilities": [
                0.12298641287720115,
                0.0,
                0.4486086841074387,
                0.019648921450752834,
                0.33358942288219445,
                0.029225119081861525,
                0.045941439600551394
            ]
        },
        "occupation": {
            "name": "occupation",
            "data_type": "String",
            "is_categorical": true,
            "is_candidate_key": false,
            "min": 1,
            "max": 17,
            "missing_rate": 0.019553144114861924,