{"statistical_parity_difference":{"mitigation_0":0.2197822047,"mitigation_1":0.2124482567,"mitigation_2":0.2217628256,"mitigation_3":0.2094982461,"mitigation_4":0.2111227976,"mitigation_5":0.2136079279,"mitigation_6":0.219820887,"mitigation_7":0.2102362757,"mitigation_8":0.2187520271,"mitigation_9":0.2086965151,"mitigation_10":0.2102449234,"mitigation_11":0.2089688213,"mitigation_12":0.2124634443,"mitigation_13":0.2130365292,"mitigation_14":0.2130365292,"mitigation_15":0.2130365292,"mitigation_16":0.2130365292,"mitigation_17":0.2130365292,"mitigation_18":0.2130365292,"mitigation_19":0.2130365292,"mitigation_20":0.2130365292,"mitigation_21":0.2130365292,"mitigation_22":0.2130365292,"mitigation_23":0.2130365292,"mitigation_24":0.2130365292},"average_abs_odds_difference":{"mitigation_0":0.1820509255,"mitigation_1":0.164162029,"mitigation_2":0.1676851036,"mitigation_3":0.1589747195,"mitigation_4":0.1607180203,"mitigation_5":0.1614803674,"mitigation_6":0.1639630641,"mitigation_7":0.1604175441,"mitigation_8":0.163474786,"mitigation_9":0.1587326691,"mitigation_10":0.1601243957,"mitigation_11":0.1592123867,"mitigation_12":0.161215828,"mitigation_13":0.1620573217,"mitigation_14":0.1620573217,"mitigation_15":0.1620573217,"mitigation_16":0.1620573217,"mitigation_17":0.1620573217,"mitigation_18":0.1620573217,"mitigation_19":0.1620573217,"mitigation_20":0.1620573217,"mitigation_21":0.1620573217,"mitigation_22":0.1620573217,"mitigation_23":0.1620573217,"mitigation_24":0.1620573217},"equal_opportunity_difference":{"mitigation_0":0.297374951,"mitigation_1":0.2705842294,"mitigation_2":0.2743850892,"mitigation_3":0.2605033617,"mitigation_4":0.2630703439,"mitigation_5":0.2641730858,"mitigation_6":0.2684280172,"mitigation_7":0.2633779044,"mitigation_8":0.2676578127,"mitigation_9":0.2609580462,"mitigation_10":0.2631439059,"mitigation_11":0.2627361588,"mitigation_12":0.2637520264,"mitigation_13":0.2651826416,"mitigation_14":0.2651826416,"mitigation_15":0.2651826416,"mitigation_16":0.2651826416,"mitigation_17":0.2651826416,"mitigation_18":0.2651826416,"mitigation_19":0.2651826416,"mitigation_20":0.2651826416,"mitigation_21":0.2651826416,"mitigation_22":0.2651826416,"mitigation_23":0.2651826416,"mitigation_24":0.2651826416},"disparate_impact":{"mitigation_0":5.9488519843,"mitigation_1":5.5990011076,"mitigation_2":5.5353441584,"mitigation_3":5.5302586295,"mitigation_4":5.6000497632,"mitigation_5":5.5894862712,"mitigation_6":5.4131801428,"mitigation_7":5.5906918945,"mitigation_8":5.447530217,"mitigation_9":5.6843623378,"mitigation_10":5.6210177974,"mitigation_11":5.5929700787,"mitigation_12":5.4880947763,"mitigation_13":5.6067716203,"mitigation_14":5.6067716203,"mitigation_15":5.6067716203,"mitigation_16":5.6067716203,"mitigation_17":5.6067716203,"mitigation_18":5.6067716203,"mitigation_19":5.6067716203,"mitigation_20":5.6067716203,"mitigation_21":5.6067716203,"mitigation_22":5.6067716203,"mitigation_23":5.6067716203,"mitigation_24":5.6067716203},"theil_index":{"mitigation_0":0.1135178879,"mitigation_1":0.1195664576,"mitigation_2":0.1180516899,"mitigation_3":0.120728015,"mitigation_4":0.120235889,"mitigation_5":0.1186511799,"mitigation_6":0.1181096819,"mitigation_7":0.1204134417,"mitigation_8":0.118713372,"mitigation_9":0.1207544729,"mitigation_10":0.1201515934,"mitigation_11":0.1202608595,"mitigation_12":0.119494529,"mitigation_13":0.1192838038,"mitigation_14":0.1192838038,"mitigation_15":0.1192838038,"mitigation_16":0.1192838038,"mitigation_17":0.1192838038,"mitigation_18":0.1192838038,"mitigation_19":0.1192838038,"mitigation_20":0.1192838038,"mitigation_21":0.1192838038,"mitigation_22":0.1192838038,"mitigation_23":0.1192838038,"mitigation_24":0.1192838038}}