{"statistical_parity_difference":{"penalty_1e-17":0.2092220933,"penalty_1e-10":0.2610701277,"penalty_0.001":0.2772341263,"penalty_0.01":0.2346574609,"penalty_0.1":0.2626457989,"penalty_0":0.270823702,"penalty_1":0.3170342411,"penalty_5":0.2943545302,"penalty_10":0.2826596494,"penalty_25":0.2826596494,"penalty_50":0.2826596494,"penalty_100":0.2826596494},"average_abs_odds_difference":{"penalty_1e-17":0.1908714512,"penalty_1e-10":0.1352756504,"penalty_0.001":0.1103288879,"penalty_0.01":0.1190234164,"penalty_0.1":0.097417485,"penalty_0":0.090744214,"penalty_1":0.1266892223,"penalty_5":0.1311524438,"penalty_10":0.1330178329,"penalty_25":0.1330178329,"penalty_50":0.1330178329,"penalty_100":0.1330178329},"equal_opportunity_difference":{"penalty_1e-17":0.3465205315,"penalty_1e-10":0.2171576221,"penalty_0.001":0.1720803439,"penalty_0.01":0.1946449367,"penalty_0.1":0.1618858754,"penalty_0":0.138047378,"penalty_1":0.1885148776,"penalty_5":0.2032170416,"penalty_10":0.2082132231,"penalty_25":0.2082132231,"penalty_50":0.2082132231,"penalty_100":0.2082132231},"disparate_impact":{"penalty_1e-17":8.0047556833,"penalty_1e-10":6.596416959,"penalty_0.001":4.7991980991,"penalty_0.01":6.071474512,"penalty_0.1":4.0186901867,"penalty_0":4.5657098629,"penalty_1":4.8329997577,"penalty_5":4.930690052,"penalty_10":5.1081121137,"penalty_25":5.1081121137,"penalty_50":5.1081121137,"penalty_100":5.1081121137},"theil_index":{"penalty_1e-17":0.0728644127,"penalty_1e-10":0.0728644127,"penalty_0.001":0.0728644127,"penalty_0.01":0.0728644127,"penalty_0.1":0.0728644127,"penalty_0":0.0728644127,"penalty_1":0.0728644127,"penalty_5":0.0728644127,"penalty_10":0.0728644127,"penalty_25":0.0728644127,"penalty_50":0.0728644127,"penalty_100":0.0728644127}}