{"acc":{"mitigation_0":0.8361032717,"mitigation_1":0.8350580119,"mitigation_2":0.834744434,"mitigation_3":0.8350580119,"mitigation_4":0.834744434,"mitigation_5":0.8329674924,"mitigation_6":0.8334901223,"mitigation_7":0.83484896,"mitigation_8":0.8332810703,"mitigation_9":0.8339082262,"mitigation_10":0.834639908,"mitigation_11":0.834535382,"mitigation_12":0.8339082262,"mitigation_13":0.8328629664,"mitigation_14":0.8328629664,"mitigation_15":0.8328629664,"mitigation_16":0.8328629664,"mitigation_17":0.8328629664,"mitigation_18":0.8328629664,"mitigation_19":0.8328629664,"mitigation_20":0.8328629664,"mitigation_21":0.8328629664,"mitigation_22":0.8328629664,"mitigation_23":0.8328629664,"mitigation_24":0.8328629664},"prec":{"mitigation_0":0.7822701966,"mitigation_1":0.7813774028,"mitigation_2":0.7807971002,"mitigation_3":0.7818846831,"mitigation_4":0.7804745856,"mitigation_5":0.7777955196,"mitigation_6":0.777747884,"mitigation_7":0.7808813555,"mitigation_8":0.7778602728,"mitigation_9":0.7804132601,"mitigation_10":0.7803359605,"mitigation_11":0.7804652971,"mitigation_12":0.7784491053,"mitigation_13":0.7771538652,"mitigation_14":0.7771538652,"mitigation_15":0.7771538652,"mitigation_16":0.7771538652,"mitigation_17":0.7771538652,"mitigation_18":0.7771538652,"mitigation_19":0.7771538652,"mitigation_20":0.7771538652,"mitigation_21":0.7771538652,"mitigation_22":0.7771538652,"mitigation_23":0.7771538652,"mitigation_24":0.7771538652},"rec":{"mitigation_0":0.7458442655,"mitigation_1":0.7423349486,"mitigation_2":0.7421285077,"mitigation_3":0.7409986,"mitigation_4":0.7430194067,"mitigation_5":0.7402162597,"mitigation_6":0.7435299914,"mitigation_7":0.7424942877,"mitigation_8":0.7419075324,"mitigation_9":0.7384598518,"mitigation_10":0.7428021099,"mitigation_11":0.7418423972,"mitigation_12":0.7439537292,"mitigation_13":0.7414837946,"mitigation_14":0.7414837946,"mitigation_15":0.7414837946,"mitigation_16":0.7414837946,"mitigation_17":0.7414837946,"mitigation_18":0.7414837946,"mitigation_19":0.7414837946,"mitigation_20":0.7414837946,"mitigation_21":0.7414837946,"mitigation_22":0.7414837946,"mitigation_23":0.7414837946,"mitigation_24":0.7414837946},"f1":{"mitigation_0":0.760835677,"mitigation_1":0.7581484792,"mitigation_2":0.7578142412,"mitigation_3":0.7573923633,"mitigation_4":0.7583144705,"mitigation_5":0.7555054222,"mitigation_6":0.7577261956,"mitigation_7":0.758092703,"mitigation_8":0.7566757688,"mitigation_9":0.7551467349,"mitigation_10":0.7581200111,"mitigation_11":0.7575078708,"mitigation_12":0.7582522848,"mitigation_13":0.756149028,"mitigation_14":0.756149028,"mitigation_15":0.756149028,"mitigation_16":0.756149028,"mitigation_17":0.756149028,"mitigation_18":0.756149028,"mitigation_19":0.756149028,"mitigation_20":0.756149028,"mitigation_21":0.756149028,"mitigation_22":0.756149028,"mitigation_23":0.756149028,"mitigation_24":0.756149028}}